tag_name,tag_slug,post_title,post_url
Announcement,announcement,Introducing the Atlas Duo INS,https://pointonenav.com/news/introducing-atlas-duo-ins/
Automotive,automotive,Absolute vs Relative Positioning: Why You Need Both for GNSS Accuracy [2024],https://pointonenav.com/news/absolute-vs-relative-navigation/
Automotive,automotive,Best NTRIP Service Providers in 2026,https://pointonenav.com/news/ntrip-service-providers/
Automotive,automotive,Calian: The Power of Plug-and-Play RTK,https://pointonenav.com/news/calian-the-power-of-plug-and-play-rtk/
Automotive,automotive,Faction: Accelerating Autonomous Delivery with Point One,https://pointonenav.com/news/faction-accelerating-autonomous-delivery-with-point-one/
Automotive,automotive,How to Build Your Own RTK Base Station (& Is It Worth It?) [2024],https://pointonenav.com/news/is-build-your-own-rtk-really-worth-it/
Automotive,automotive,How to Choose the Best RTK for Location Precision in 2024,https://pointonenav.com/news/how-to-choose-the-best-rtk/
Automotive,automotive,LiDAR Isn’t Enough for Navigation: You Need GNSS & RTK Too,https://pointonenav.com/news/lidar-isnt-enough-for-navigation-you-need-gnss-rtk-too/
Automotive,automotive,Loosely Coupled & Tightly Coupled INS & GNSS [2024 Guide],https://pointonenav.com/news/loose-vs-tight-coupling-gnss/
Automotive,automotive,Point One Navigation to Provide Car Positioning for World’s Fastest Autonomous Racing Cars,https://pointonenav.com/news/point-one-iac-autonomous-racing-rtk/
Automotive,automotive,RTK Corrections: What They Are and How They Work,https://pointonenav.com/news/rtk-corrections/
Automotive,automotive,T.O. Johnson Builds Automotive Testing Solution with Point One RTK,https://pointonenav.com/news/t-o-johnson-does-automated-car-testing-with-polaris-rtk/
Automotive,automotive,Top 6 Takeaways from CES 2024,https://pointonenav.com/news/top-6-takeaways-from-ces-2024/
Automotive,automotive,WATCH: Centimeter-level precision location that works wherever you do,https://pointonenav.com/news/watch-centimeter-level-precision-location-that-works-wherever-you-do/
Automotive,automotive,WATCH: Check Out This Quick Walk-Around of a Fully Autonomous Racing Car,https://pointonenav.com/news/watch-walk-around-fully-autonomous-racing-car/
Automotive,automotive,WATCH: Point One Navigation Unleashes Their High-Precision Technology in 180+ MPH Autonomous Race Cars,https://pointonenav.com/uncategorized/watch-point-one-navigation-unleashes-their-high-precision-technology-in-180-mph-autonomous-race-cars/
Automotive,automotive,WATCH: Point One Navigation Unleashes Their High-Precision Technology in 180+ MPH Autonomous Race Cars,https://pointonenav.com/news/watch-point-one-navigation-unleashes-their-high-precision-technology-in-180-mph-autonomous-race-cars/
Automotive,automotive,"WATCH: The Ins-and-Outs of Self-Driving Cars, Mapping and Vision",https://pointonenav.com/uncategorized/watch-the-ins-and-outs-of-self-driving-cars-mapping-and-vision/
Automotive,automotive,"WATCH: The Ins-and-Outs of Self-Driving Cars, Mapping and Vision",https://pointonenav.com/news/watch-the-ins-and-outs-of-self-driving-cars-mapping-and-vision/
Automotive,automotive,What is an INS? Inertial Navigation Systems Explained,https://pointonenav.com/news/ins-inertial-navigation-system/
Automotive,automotive,What is RTK (Real-Time Kinematic) Positioning? [2026],https://pointonenav.com/news/what-is-rtk-real-time-kinematic/
Automotive,automotive,What is RTK for GPS? 2024 Guide,https://pointonenav.com/news/rtk-gps/
Automotive,automotive,Why You Need Dead Reckoning: Top Applications for INS,https://pointonenav.com/news/why-you-need-dead-reckoning-top-applications-for-ins/
Case Studies,case-studies,"AIM enables heavy machinery to operate autonomously, 24/7",https://pointonenav.com/news/aim-enables-heavy-machinery-to-operate-autonomously/
Case Studies,case-studies,"Bad Elf + Point One: Precision Location for Surveyors, Government, and Construction",https://pointonenav.com/news/bad-elf-affordable-precision-location-with-point-one-rtk/
Case Studies,case-studies,Building the world’s first drafting detection system for Triathlons with RaceRanger,https://pointonenav.com/news/triathlon-drafting-detection-with-raceranger-case-study/
Case Studies,case-studies,Calian: The Power of Plug-and-Play RTK,https://pointonenav.com/news/calian-the-power-of-plug-and-play-rtk/
Case Studies,case-studies,Civ Robotics: Delivering Pinpoint Precision Without the Hassle,https://pointonenav.com/news/civ-robotics-delivering-pinpoint-precision-without-the-hassle/
Case Studies,case-studies,Cyvl and Point One Navigation partner to revolutionize infrastructure assessments for municipalities,https://pointonenav.com/news/cyvl-case-study/
Case Studies,case-studies,Enhancing motorcycle racing performance with sensor fusion,https://pointonenav.com/news/motorcycle-racing-case-study/
Case Studies,case-studies,Enhancing safety on the runway with AeroVect’s autonomous GSE,https://pointonenav.com/news/aerovects-autonomous-gse-case-study/
Case Studies,case-studies,Faction: Accelerating Autonomous Delivery with Point One,https://pointonenav.com/news/faction-accelerating-autonomous-delivery-with-point-one/
Case Studies,case-studies,Helping precision farming scale with Agra-GPS,https://pointonenav.com/news/agra-gps-precision-farming-case-study/
Case Studies,case-studies,How a leading automotive manufacturer achieves centimeter-level autonomous driving with Point One,https://pointonenav.com/news/automotive-manufacturer-case-study/
Case Studies,case-studies,How Cameron Cone Uses RTK Corrections With His Drone to Efficiently Map New Real Estate Development in 3D,https://pointonenav.com/news/polaris-rtk-3d-modeling-case-study/
Case Studies,case-studies,How FireFly Automatix leveraged Point One's RTK corrections to revolutionize autonomous mowing,https://pointonenav.com/news/firefly-automatix-case-study/
Case Studies,case-studies,How Scythe Robotics achieves centimeter-level precision with Point One Navigation,https://pointonenav.com/news/scythe-robotics-case-study/
Case Studies,case-studies,Kevin Curtis automates vineyard inspection with Point One RTK,https://pointonenav.com/news/kevin-curtis-automates-vineyard-inspection/
Case Studies,case-studies,Powering the autonomous fairway with BAS-Turf,https://pointonenav.com/news/powering-the-autonomous-fairway-with-bas-turf/
Case Studies,case-studies,Precision autonomy for sustainable farming with TRIC Robotics,https://pointonenav.com/news/tric-robotics-autonomous-farming-case-study/
Case Studies,case-studies,Reducing utility strikes by 97% with PointMan,https://pointonenav.com/news/reducing-utility-strikes-with-pointman-case-study/
Case Studies,case-studies,Show and Tell: How Bitu Williams Put Point One to the Test for Drone RTK,https://pointonenav.com/news/show-and-tell-how-bitu-williams-put-point-one-to-the-test-for-drone-rtk/
Case Studies,case-studies,T.O. Johnson Builds Automotive Testing Solution with Point One RTK,https://pointonenav.com/news/t-o-johnson-does-automated-car-testing-with-polaris-rtk/
Case Studies,case-studies,WATCH: Point One Navigation Unleashes Their High-Precision Technology in 180+ MPH Autonomous Race Cars,https://pointonenav.com/uncategorized/watch-point-one-navigation-unleashes-their-high-precision-technology-in-180-mph-autonomous-race-cars/
Case Studies,case-studies,WATCH: Point One Navigation Unleashes Their High-Precision Technology in 180+ MPH Autonomous Race Cars,https://pointonenav.com/news/watch-point-one-navigation-unleashes-their-high-precision-technology-in-180-mph-autonomous-race-cars/
Company Announcements,company-announcements,New Product: Atlas Real-Time Inertial Navigation System is Available,https://pointonenav.com/news/atlas-ins-inertial-navigation-system/
Company Announcements,company-announcements,Point One Navigation Joins STMicroelectronics Partner Program,https://pointonenav.com/news/point-one-navigation-stmicroelectronics/
Company Announcements,company-announcements,Point One Navigation to Provide Car Positioning for World’s Fastest Autonomous Racing Cars,https://pointonenav.com/news/point-one-iac-autonomous-racing-rtk/
Company Announcements,company-announcements,Point One RTK Network is Available in the UK!,https://pointonenav.com/news/point-one-rtk-expands-to-great-britain/
Company Announcements,company-announcements,Point One RTK Now Available in South Korea!,https://pointonenav.com/news/polaris-expands-to-south-korea/
Company Announcements,company-announcements,Point One Secures $10 million Series A,https://pointonenav.com/news/point-one-secures-10-million-series-a/
Company Announcements,company-announcements,Tom Weeks Joins Point One During Period of Expansive Growth,https://pointonenav.com/news/tom-weeks-joins-point-one/
Company Announcements,company-announcements,WATCH: Centimeter-level precision location that works wherever you do,https://pointonenav.com/news/watch-centimeter-level-precision-location-that-works-wherever-you-do/
Company Announcements,company-announcements,WATCH: Point One Navigation Unleashes Their High-Precision Technology in 180+ MPH Autonomous Race Cars,https://pointonenav.com/uncategorized/watch-point-one-navigation-unleashes-their-high-precision-technology-in-180-mph-autonomous-race-cars/
Company Announcements,company-announcements,WATCH: Point One Navigation Unleashes Their High-Precision Technology in 180+ MPH Autonomous Race Cars,https://pointonenav.com/news/watch-point-one-navigation-unleashes-their-high-precision-technology-in-180-mph-autonomous-race-cars/
Construction and Survey,construction-and-survey,Absolute vs Relative Positioning: Why You Need Both for GNSS Accuracy [2024],https://pointonenav.com/news/absolute-vs-relative-navigation/
Construction and Survey,construction-and-survey,"Bad Elf + Point One: Precision Location for Surveyors, Government, and Construction",https://pointonenav.com/news/bad-elf-affordable-precision-location-with-point-one-rtk/
Construction and Survey,construction-and-survey,Best NTRIP Service Providers in 2026,https://pointonenav.com/news/ntrip-service-providers/
Construction and Survey,construction-and-survey,"Best Survey Poles, Range Poles, & More [2024]",https://pointonenav.com/news/best-survey-poles-range-poles/
Construction and Survey,construction-and-survey,Calian: The Power of Plug-and-Play RTK,https://pointonenav.com/news/calian-the-power-of-plug-and-play-rtk/
Construction and Survey,construction-and-survey,"Drone Mapping 101: How to Make a Map with Drones, GPS, & RTK",https://pointonenav.com/news/drone-mapping-101-how-to-make-a-map-with-drones/
Construction and Survey,construction-and-survey,Emlid Reach RS2+ Review & RTK Set Up,https://pointonenav.com/news/easy-rtk-setup-on-the-emlid-reach-rs2-with-point-one-rtk/
Construction and Survey,construction-and-survey,Ground Penetrating Radar: Everything You Need To Know About [2024],https://pointonenav.com/news/ground-penetrating-radar-everything-you-need-to-know-about-2024/
Construction and Survey,construction-and-survey,How to Build Your Own RTK Base Station (& Is It Worth It?) [2024],https://pointonenav.com/news/is-build-your-own-rtk-really-worth-it/
Construction and Survey,construction-and-survey,How to Choose the Best RTK for Location Precision in 2024,https://pointonenav.com/news/how-to-choose-the-best-rtk/
Construction and Survey,construction-and-survey,Point One Brings Effortless Precision to the Survey Market,https://pointonenav.com/news/point-one-rtk-survey-grade/
Construction and Survey,construction-and-survey,RTK Corrections: What They Are and How They Work,https://pointonenav.com/news/rtk-corrections/
Construction and Survey,construction-and-survey,RTK Rentals: Should You Rent an RTK System in 2024?,https://pointonenav.com/news/rtk-rentals/
Construction and Survey,construction-and-survey,Survey Robot: How RTK Is Used in Robotic Surveying,https://pointonenav.com/news/survey-robot-rtk/
Construction and Survey,construction-and-survey,Underground Pipe Location Guide [2024],https://pointonenav.com/news/underground-pipe-location/
Construction and Survey,construction-and-survey,Underground Utility Locator Guide [2024],https://pointonenav.com/news/underground-utility-locator/
Construction and Survey,construction-and-survey,WATCH: Centimeter-level precision location that works wherever you do,https://pointonenav.com/news/watch-centimeter-level-precision-location-that-works-wherever-you-do/
Construction and Survey,construction-and-survey,WATCH: How to use a Trimble R12i + TSC5 with Point One's RTK Corrections,https://pointonenav.com/news/watch-how-to-use-a-trimble-r12i-tsc5-with-point-one-rtk/
Construction and Survey,construction-and-survey,What is a Real Time Kinematic (RTK) Survey? Your 2024 Guide,https://pointonenav.com/news/rtk-survey/
Construction and Survey,construction-and-survey,What is Construction Surveying & How to Improve It [2024],https://pointonenav.com/news/construction-surveying/
Construction and Survey,construction-and-survey,What is RTK (Real-Time Kinematic) Positioning? [2026],https://pointonenav.com/news/what-is-rtk-real-time-kinematic/
Construction and Survey,construction-and-survey,What is RTK for GPS? 2024 Guide,https://pointonenav.com/news/rtk-gps/
Delivery and Logistics,delivery-and-logistics,Absolute vs Relative Positioning: Why You Need Both for GNSS Accuracy [2024],https://pointonenav.com/news/absolute-vs-relative-navigation/
Delivery and Logistics,delivery-and-logistics,Calian: The Power of Plug-and-Play RTK,https://pointonenav.com/news/calian-the-power-of-plug-and-play-rtk/
Delivery and Logistics,delivery-and-logistics,Faction: Accelerating Autonomous Delivery with Point One,https://pointonenav.com/news/faction-accelerating-autonomous-delivery-with-point-one/
Delivery and Logistics,delivery-and-logistics,How to Build Your Own RTK Base Station (& Is It Worth It?) [2024],https://pointonenav.com/news/is-build-your-own-rtk-really-worth-it/
Delivery and Logistics,delivery-and-logistics,How to Choose the Best RTK for Location Precision in 2024,https://pointonenav.com/news/how-to-choose-the-best-rtk/
Delivery and Logistics,delivery-and-logistics,Loosely Coupled & Tightly Coupled INS & GNSS [2024 Guide],https://pointonenav.com/news/loose-vs-tight-coupling-gnss/
Delivery and Logistics,delivery-and-logistics,RTK Corrections: What They Are and How They Work,https://pointonenav.com/news/rtk-corrections/
Delivery and Logistics,delivery-and-logistics,RTK Rentals: Should You Rent an RTK System in 2024?,https://pointonenav.com/news/rtk-rentals/
Delivery and Logistics,delivery-and-logistics,WATCH: Centimeter-level precision location that works wherever you do,https://pointonenav.com/news/watch-centimeter-level-precision-location-that-works-wherever-you-do/
Delivery and Logistics,delivery-and-logistics,"WATCH: The Ins-and-Outs of Self-Driving Cars, Mapping and Vision",https://pointonenav.com/uncategorized/watch-the-ins-and-outs-of-self-driving-cars-mapping-and-vision/
Delivery and Logistics,delivery-and-logistics,"WATCH: The Ins-and-Outs of Self-Driving Cars, Mapping and Vision",https://pointonenav.com/news/watch-the-ins-and-outs-of-self-driving-cars-mapping-and-vision/
Delivery and Logistics,delivery-and-logistics,What is RTK (Real-Time Kinematic) Positioning? [2026],https://pointonenav.com/news/what-is-rtk-real-time-kinematic/
Delivery and Logistics,delivery-and-logistics,What is RTK for GPS? 2024 Guide,https://pointonenav.com/news/rtk-gps/
Drones,drones,Absolute vs Relative Positioning: Why You Need Both for GNSS Accuracy [2024],https://pointonenav.com/news/absolute-vs-relative-navigation/
Drones,drones,Calian: The Power of Plug-and-Play RTK,https://pointonenav.com/news/calian-the-power-of-plug-and-play-rtk/
Drones,drones,"Drone Mapping 101: How to Make a Map with Drones, GPS, & RTK",https://pointonenav.com/news/drone-mapping-101-how-to-make-a-map-with-drones/
Drones,drones,Drone RTK: Everything You Need to Know [2024],https://pointonenav.com/news/drone-rtk/
Drones,drones,How Cameron Cone Uses RTK Corrections With His Drone to Efficiently Map New Real Estate Development in 3D,https://pointonenav.com/news/polaris-rtk-3d-modeling-case-study/
Drones,drones,How to Build Your Own RTK Base Station (& Is It Worth It?) [2024],https://pointonenav.com/news/is-build-your-own-rtk-really-worth-it/
Drones,drones,How to Choose the Best RTK for Location Precision in 2024,https://pointonenav.com/news/how-to-choose-the-best-rtk/
Drones,drones,RTK Corrections: What They Are and How They Work,https://pointonenav.com/news/rtk-corrections/
Drones,drones,RTK Rentals: Should You Rent an RTK System in 2024?,https://pointonenav.com/news/rtk-rentals/
Drones,drones,Show and Tell: How Bitu Williams Put Point One to the Test for Drone RTK,https://pointonenav.com/news/show-and-tell-how-bitu-williams-put-point-one-to-the-test-for-drone-rtk/
Drones,drones,WATCH: Centimeter-level precision location that works wherever you do,https://pointonenav.com/news/watch-centimeter-level-precision-location-that-works-wherever-you-do/
Drones,drones,Watch: Easy RTK with DJI's Mavic 3 Enterprise,https://pointonenav.com/news/easy-rtk-with-djis-mavic-3-enterprise/
Drones,drones,What is an INS? Inertial Navigation Systems Explained,https://pointonenav.com/news/ins-inertial-navigation-system/
Drones,drones,What is RTK (Real-Time Kinematic) Positioning? [2026],https://pointonenav.com/news/what-is-rtk-real-time-kinematic/
Drones,drones,What is RTK for GPS? 2024 Guide,https://pointonenav.com/news/rtk-gps/
Featured,featured,Enhancing motorcycle racing performance with sensor fusion,https://pointonenav.com/news/motorcycle-racing-case-study/
General FAQ,general-faq,"Built, Not Borrowed",https://pointonenav.com/news/built-not-borrowed-rtk-network/
General FAQ,general-faq,Last-Mile Delivery Is a Location Problem,https://pointonenav.com/news/last-mile-delivery-is-a-location-problem/
GNSS Education,gnss-education,7+ Best GNSS Receivers for RTK Beginners [2024],https://pointonenav.com/news/gnss-receivers/
GNSS Education,gnss-education,A Technical Primer: How GNSS Works,https://pointonenav.com/news/a-technical-primer-how-gnss-works/
GNSS Education,gnss-education,Absolute vs Relative Positioning: Why You Need Both for GNSS Accuracy [2024],https://pointonenav.com/news/absolute-vs-relative-navigation/
GNSS Education,gnss-education,"Built, Not Borrowed",https://pointonenav.com/news/built-not-borrowed-rtk-network/
GNSS Education,gnss-education,Calibration Guide: How INS & RTK Calibration Works [2024],https://pointonenav.com/uncategorized/calibration-for-ins-rtk/
GNSS Education,gnss-education,How to Build Your Own RTK Base Station (& Is It Worth It?) [2024],https://pointonenav.com/news/is-build-your-own-rtk-really-worth-it/
GNSS Education,gnss-education,How to Choose the Best RTK for Location Precision in 2024,https://pointonenav.com/news/how-to-choose-the-best-rtk/
GNSS Education,gnss-education,ITRF: What is the International Terrestrial Reference Frame? [2024],https://pointonenav.com/news/itrf-international-terrestrial-reference-frame/
GNSS Education,gnss-education,Last-Mile Delivery Is a Location Problem,https://pointonenav.com/news/last-mile-delivery-is-a-location-problem/
GNSS Education,gnss-education,LiDAR Isn’t Enough for Navigation: You Need GNSS & RTK Too,https://pointonenav.com/news/lidar-isnt-enough-for-navigation-you-need-gnss-rtk-too/
GNSS Education,gnss-education,Loosely Coupled & Tightly Coupled INS & GNSS [2024 Guide],https://pointonenav.com/news/loose-vs-tight-coupling-gnss/
GNSS Education,gnss-education,NAD83: What is North American Datum of 1983,https://pointonenav.com/news/nad-83-datum/
GNSS Education,gnss-education,Navigating the Solar Maximum With RTK Corrections,https://pointonenav.com/news/navigating-the-solar-maximum-with-rtk-corrections/
GNSS Education,gnss-education,NovAtel Review and Top GNSS Correction Service Alternatives [2024],https://pointonenav.com/news/novatel-review/
GNSS Education,gnss-education,Overcoming the RTK Learning Curve,https://pointonenav.com/news/overcoming-the-rtk-learning-curve/
GNSS Education,gnss-education,RTK Corrections: What They Are and How They Work,https://pointonenav.com/news/rtk-corrections/
GNSS Education,gnss-education,RTK Rentals: Should You Rent an RTK System in 2024?,https://pointonenav.com/news/rtk-rentals/
GNSS Education,gnss-education,Survey Robot: How RTK Is Used in Robotic Surveying,https://pointonenav.com/news/survey-robot-rtk/
GNSS Education,gnss-education,Understanding RTK accuracy,https://pointonenav.com/news/rtk-accuracy-over-distance/
GNSS Education,gnss-education,Virtual RTK vs True RTK,https://pointonenav.com/news/virtual-rtk-vs-true-rtk/
GNSS Education,gnss-education,WATCH: Centimeter-level precision location that works wherever you do,https://pointonenav.com/news/watch-centimeter-level-precision-location-that-works-wherever-you-do/
GNSS Education,gnss-education,WGS84 vs. NAD83 vs. ITRF 2014: What are the differences?,https://pointonenav.com/news/wgs84-vs-nad83-vs-itrf-014/
GNSS Education,gnss-education,WGS84: What is the World Geodetic System 1984,https://pointonenav.com/news/world-geodetic-system/
GNSS Education,gnss-education,What are RTK Networks? The Complete Guide to Location Precision in 2024,https://pointonenav.com/news/rtk-network/
GNSS Education,gnss-education,What is a Real Time Kinematic (RTK) Survey? Your 2024 Guide,https://pointonenav.com/news/rtk-survey/
GNSS Education,gnss-education,What is an INS? Inertial Navigation Systems Explained,https://pointonenav.com/news/ins-inertial-navigation-system/
GNSS Education,gnss-education,What is Construction Surveying & How to Improve It [2024],https://pointonenav.com/news/construction-surveying/
GNSS Education,gnss-education,What is NTRIP?,https://pointonenav.com/news/what-is-ntrip/
GNSS Education,gnss-education,What is RTK (Real-Time Kinematic) Positioning? [2026],https://pointonenav.com/news/what-is-rtk-real-time-kinematic/
GNSS Education,gnss-education,What is RTK for GPS? 2024 Guide,https://pointonenav.com/news/rtk-gps/
GNSS Education,gnss-education,Why You Need Dead Reckoning: Top Applications for INS,https://pointonenav.com/news/why-you-need-dead-reckoning-top-applications-for-ins/
Livestream,livestream,Demystifying Network RTK: What Drives Correction Accuracy and Why Density Matters,https://pointonenav.com/news/network-rtk-density-matters/
Precision Agriculture,precision-agriculture,Absolute vs Relative Positioning: Why You Need Both for GNSS Accuracy [2024],https://pointonenav.com/news/absolute-vs-relative-navigation/
Precision Agriculture,precision-agriculture,Agriculture & Farm Mapping Guide for Agriculture Precision [2024],https://pointonenav.com/news/agriculture-farm-mapping/
Precision Agriculture,precision-agriculture,Best NTRIP Service Providers in 2026,https://pointonenav.com/news/ntrip-service-providers/
Precision Agriculture,precision-agriculture,Calian: The Power of Plug-and-Play RTK,https://pointonenav.com/news/calian-the-power-of-plug-and-play-rtk/
Precision Agriculture,precision-agriculture,Civ Robotics: Delivering Pinpoint Precision Without the Hassle,https://pointonenav.com/news/civ-robotics-delivering-pinpoint-precision-without-the-hassle/
Precision Agriculture,precision-agriculture,"Drone Mapping 101: How to Make a Map with Drones, GPS, & RTK",https://pointonenav.com/news/drone-mapping-101-how-to-make-a-map-with-drones/
Precision Agriculture,precision-agriculture,Emlid Reach RS2+ Review & RTK Set Up,https://pointonenav.com/news/easy-rtk-setup-on-the-emlid-reach-rs2-with-point-one-rtk/
Precision Agriculture,precision-agriculture,How to Build Your Own RTK Base Station (& Is It Worth It?) [2024],https://pointonenav.com/news/is-build-your-own-rtk-really-worth-it/
Precision Agriculture,precision-agriculture,How to Choose the Best RTK for Location Precision in 2024,https://pointonenav.com/news/how-to-choose-the-best-rtk/
Precision Agriculture,precision-agriculture,Kevin Curtis automates vineyard inspection with Point One RTK,https://pointonenav.com/news/kevin-curtis-automates-vineyard-inspection/
Precision Agriculture,precision-agriculture,RTK Corrections: What They Are and How They Work,https://pointonenav.com/news/rtk-corrections/
Precision Agriculture,precision-agriculture,RTK Rentals: Should You Rent an RTK System in 2024?,https://pointonenav.com/news/rtk-rentals/
Precision Agriculture,precision-agriculture,WATCH: Centimeter-level precision location that works wherever you do,https://pointonenav.com/news/watch-centimeter-level-precision-location-that-works-wherever-you-do/
Precision Agriculture,precision-agriculture,What is Precision Agriculture or Precision Farming? [2024 Guide],https://pointonenav.com/news/precision-agriculture/
Precision Agriculture,precision-agriculture,What is RTK (Real-Time Kinematic) Positioning? [2026],https://pointonenav.com/news/what-is-rtk-real-time-kinematic/
Precision Agriculture,precision-agriculture,What is RTK for GPS? 2024 Guide,https://pointonenav.com/news/rtk-gps/
Press Release,press-release,Auterion and Point One Navigation partner to deliver centimeter-accurate positioning for next-gen autonomy,https://pointonenav.com/news/auterion-and-point-one-partner-to-deliver-cm-accuracy/
Press Release,press-release,"Benchmark Tool &amp; Supply and Point One form strategic partnership to power Control Point Corrections with centimeter-level accuracy",https://pointonenav.com/news/benchmark-tool-and-supply-and-point-one-form-strategic-partnership/
Press Release,press-release,"Juniper Systems, Inc. Announces Partnership with Point One Navigation to Deliver Centimeter-Level Accuracy to GNSS Receivers",https://pointonenav.com/news/juniper-systems-partner-with-point-one/
Press Release,press-release,Point One and Cellnex Partner to accelerate the deployment of centimeter-accurate positioning infrastructure across Europe,https://pointonenav.com/news/point-one-and-cellnex-partner-across-europe-press-release/
Press Release,press-release,Point One Navigation and DroneDeploy partner to deliver centimeter-accurate positioning for aerial and ground reality capture,https://pointonenav.com/news/point-one-navigation-and-dronedeploy-partner-to-deliver-centimeter-accurate-positioning-for-aerial-and-ground-reality-capture/
Press Release,press-release,Point One Navigation Raises $35 Million Series C to Define the Future of Precise Location and Physical AI,https://pointonenav.com/news/point-one-navigation-raises-35-million-series-c-to-define-the-future-of-precise-location-and-physical-ai/
Press Release,press-release,"Precision positioning for a world in motion, powered by STMicroelectronics and Point One",https://pointonenav.com/news/stmicroelectronics-teseovi-powered-by-point-one/
Press Release,press-release,ProStar and Point One Navigation Form a Strategic Partnership to Revolutionize Precision Mapping and Critical Asset Management Worldwide,https://pointonenav.com/news/prostar-and-point-one-navigation-form-a-strategic-partnership/
Press Release,press-release,SenSen and Point One partner to deliver cm-accurate location data for Smart City solutions,https://pointonenav.com/news/sensen-and-point-one-partner-to-deliver-cm-accurate-location-data-for-smart-city-solutions/
Press Release,press-release,"TOTEM, Point One Navigation, and Orange partner to deploy Europe's largest positioning correction network",https://pointonenav.com/news/totem-orange-point-one-partner-on-europes-largest-correction-network/
Product Announcements,product-announcements,Introducing Virtual RTK,https://pointonenav.com/news/introducing-virtual-rtk/
Product Announcements,product-announcements,New Product: Atlas Real-Time Inertial Navigation System is Available,https://pointonenav.com/news/atlas-ins-inertial-navigation-system/
Product Announcements,product-announcements,New Product: The GraphQL API is Live for Seamless Integration of Location,https://pointonenav.com/news/new-product-launch-graphql-api/
Product Announcements,product-announcements,Point One Brings Effortless Precision to the Survey Market,https://pointonenav.com/news/point-one-rtk-survey-grade/
Product Announcements,product-announcements,"Point One launches its Virtual RTK service to deliver complete, centimeter-accurate positioning at continent scale across the US, UK, and EU",https://pointonenav.com/news/point-one-launches-its-virtual-rtk-service/
Product Announcements,product-announcements,Point One Navigation Launches ASIL Positioning Engine to Enable Safe and Precise Autonomous Vehicles,https://pointonenav.com/news/point-one-navigation-launches-asil-positioning-engine/
Product Announcements,product-announcements,Point One RTK Network is Available in the UK!,https://pointonenav.com/news/point-one-rtk-expands-to-great-britain/
Product Announcements,product-announcements,Point One RTK Now Available in South Korea!,https://pointonenav.com/news/polaris-expands-to-south-korea/
Product Announcements,product-announcements,Tags: The Power to Analyze and Act at Scale,https://pointonenav.com/news/tags-release/
Product Announcements,product-announcements,WATCH: Centimeter-level precision location that works wherever you do,https://pointonenav.com/news/watch-centimeter-level-precision-location-that-works-wherever-you-do/
Robotics,robotics,Absolute vs Relative Positioning: Why You Need Both for GNSS Accuracy [2024],https://pointonenav.com/news/absolute-vs-relative-navigation/
Robotics,robotics,Calian: The Power of Plug-and-Play RTK,https://pointonenav.com/news/calian-the-power-of-plug-and-play-rtk/
Robotics,robotics,Civ Robotics: Delivering Pinpoint Precision Without the Hassle,https://pointonenav.com/news/civ-robotics-delivering-pinpoint-precision-without-the-hassle/
Robotics,robotics,How to Build Your Own RTK Base Station (& Is It Worth It?) [2024],https://pointonenav.com/news/is-build-your-own-rtk-really-worth-it/
Robotics,robotics,How to Choose the Best RTK for Location Precision in 2024,https://pointonenav.com/news/how-to-choose-the-best-rtk/
Robotics,robotics,RTK Corrections: What They Are and How They Work,https://pointonenav.com/news/rtk-corrections/
Robotics,robotics,RTK Rentals: Should You Rent an RTK System in 2024?,https://pointonenav.com/news/rtk-rentals/
Robotics,robotics,WATCH: Centimeter-level precision location that works wherever you do,https://pointonenav.com/news/watch-centimeter-level-precision-location-that-works-wherever-you-do/
Robotics,robotics,What is RTK (Real-Time Kinematic) Positioning? [2026],https://pointonenav.com/news/what-is-rtk-real-time-kinematic/
Robotics,robotics,What is RTK for GPS? 2024 Guide,https://pointonenav.com/news/rtk-gps/
Setup Guides,setup-guides,"Bad Elf Flex Review &amp; RTK Setup Manual",https://pointonenav.com/news/bad-elf-flex-review/
Setup Guides,setup-guides,Emlid Reach RS2+ Review & RTK Set Up,https://pointonenav.com/news/easy-rtk-setup-on-the-emlid-reach-rs2-with-point-one-rtk/
Setup Guides,setup-guides,"Eos Arrow Gold: How It Works &amp; RTK Setup",https://pointonenav.com/news/watch-easy-rtk-setup-on-an-eos-arrow-with-point-one-rtk/
Setup Guides,setup-guides,"U-blox F9 Series Receivers: Review &amp; RTK Set-Up",https://pointonenav.com/news/watch-easy-rtk-setup-on-a-ublox-f9-receiver-with-point-one-rtk/
Setup Guides,setup-guides,WATCH: Easy RTK setup for a Bad Elf Flex Mini with Point One RTK,https://pointonenav.com/news/watch-easy-rtk-setup-for-a-bad-elf-flex-mini-with-polaris-rtk/
Setup Guides,setup-guides,WATCH: Easy RTK setup for a Septentrio Mosaic-X5 with Point One RTK,https://pointonenav.com/news/watch-easy-rtk-setup-for-a-septentrio-mosaic-x5-with-point-one-rtk/
Setup Guides,setup-guides,WATCH: Easy RTK setup for a Standard DevKit with Point One RTK,https://pointonenav.com/news/watch-easy-rtk-setup-for-a-standard-devkit-with-polaris-rtk/
Setup Guides,setup-guides,WATCH: Easy RTK setup on a Bad Elf Flex with Point One RTK,https://pointonenav.com/news/watch-easy-rtk-setup-on-a-bad-elf-flex-with-polaris-rtk/
Setup Guides,setup-guides,WATCH: Easy RTK setup on a SparkFun Facet with Point One RTK,https://pointonenav.com/news/easy-rtk-setup-on-a-sparkfun-facet-with-point-one-rtk/
Setup Guides,setup-guides,Watch: Easy RTK with DJI's Mavic 3 Enterprise,https://pointonenav.com/news/easy-rtk-with-djis-mavic-3-enterprise/
Setup Guides,setup-guides,WATCH: How to use a Trimble R12i + TSC5 with Point One's RTK Corrections,https://pointonenav.com/news/watch-how-to-use-a-trimble-r12i-tsc5-with-point-one-rtk/
Thought Leadership,thought-leadership,7+ Best GNSS Receivers for RTK Beginners [2024],https://pointonenav.com/news/gnss-receivers/
Thought Leadership,thought-leadership,A Technical Primer: How GNSS Works,https://pointonenav.com/news/a-technical-primer-how-gnss-works/
Thought Leadership,thought-leadership,Absolute vs Relative Positioning: Why You Need Both for GNSS Accuracy [2024],https://pointonenav.com/news/absolute-vs-relative-navigation/
Thought Leadership,thought-leadership,"Best Survey Poles, Range Poles, & More [2024]",https://pointonenav.com/news/best-survey-poles-range-poles/
Thought Leadership,thought-leadership,"Built, Not Borrowed",https://pointonenav.com/news/built-not-borrowed-rtk-network/
Thought Leadership,thought-leadership,Calibration Guide: How INS & RTK Calibration Works [2024],https://pointonenav.com/uncategorized/calibration-for-ins-rtk/
Thought Leadership,thought-leadership,Ground Penetrating Radar: Everything You Need To Know About [2024],https://pointonenav.com/news/ground-penetrating-radar-everything-you-need-to-know-about-2024/
Thought Leadership,thought-leadership,ITRF: What is the International Terrestrial Reference Frame? [2024],https://pointonenav.com/news/itrf-international-terrestrial-reference-frame/
Thought Leadership,thought-leadership,Last-Mile Delivery Is a Location Problem,https://pointonenav.com/news/last-mile-delivery-is-a-location-problem/
Thought Leadership,thought-leadership,LiDAR Isn’t Enough for Navigation: You Need GNSS & RTK Too,https://pointonenav.com/news/lidar-isnt-enough-for-navigation-you-need-gnss-rtk-too/
Thought Leadership,thought-leadership,Loosely Coupled & Tightly Coupled INS & GNSS [2024 Guide],https://pointonenav.com/news/loose-vs-tight-coupling-gnss/
Thought Leadership,thought-leadership,NAD83: What is North American Datum of 1983,https://pointonenav.com/news/nad-83-datum/
Thought Leadership,thought-leadership,Navigating the Solar Maximum With RTK Corrections,https://pointonenav.com/news/navigating-the-solar-maximum-with-rtk-corrections/
Thought Leadership,thought-leadership,Sub-Lane-Level Navigation Accuracy at CES 2026 with ST Micro and Point One,https://pointonenav.com/news/live-demo-ces-2026-with-st/
Thought Leadership,thought-leadership,Top 6 Takeaways from CES 2024,https://pointonenav.com/news/top-6-takeaways-from-ces-2024/
Thought Leadership,thought-leadership,Underground Pipe Location Guide [2024],https://pointonenav.com/news/underground-pipe-location/
Thought Leadership,thought-leadership,Underground Utility Locator Guide [2024],https://pointonenav.com/news/underground-utility-locator/
Thought Leadership,thought-leadership,WATCH: Centimeter-level precision location that works wherever you do,https://pointonenav.com/news/watch-centimeter-level-precision-location-that-works-wherever-you-do/
Thought Leadership,thought-leadership,WATCH: Check Out This Quick Walk-Around of a Fully Autonomous Racing Car,https://pointonenav.com/news/watch-walk-around-fully-autonomous-racing-car/
Thought Leadership,thought-leadership,WGS84 vs. NAD83 vs. ITRF 2014: What are the differences?,https://pointonenav.com/news/wgs84-vs-nad83-vs-itrf-014/
Thought Leadership,thought-leadership,WGS84: What is the World Geodetic System 1984,https://pointonenav.com/news/world-geodetic-system/
Thought Leadership,thought-leadership,What are RTK Networks? The Complete Guide to Location Precision in 2024,https://pointonenav.com/news/rtk-network/
Thought Leadership,thought-leadership,What is Precision Agriculture or Precision Farming? [2024 Guide],https://pointonenav.com/news/precision-agriculture/